x,absolute_error,relative_error,function,derivative
1.2222222222222223,1.2222222222222223,1.0,3.477366255144034,13.444444444444446
0.9635751453933272,0.2586470768288951,0.2684243964421855,0.6839722566213422,8.356293547377945
0.8817239929962264,0.08185115239710083,0.0928308099215478,0.056455096401066385,6.996934798426886
0.8736554461214207,0.008068546874805738,0.00923538783009481,0.0005150377611773393,6.869464546838567
0.873580471171384,7.497495003661037e-05,8.582489250952285e-05,4.4198002147055604e-08,6.868285556508156
0.8735804647362989,6.435085131428764e-09,7.366333543146197e-09,0.0,6.868285455319993
