x,absolute_error,relative_error,function,derivative
10.25,10.25,1.0,95.0625,20.5
5.612804878048781,4.637195121951219,0.8261814231395979,21.50357859904819,11.225609756097562
3.6972226454339507,1.9155822326148302,0.5181138428275515,3.669455289909621,7.3944452908679015
3.200977809537825,0.49624483589612556,0.1550291396639754,0.2462589371535735,6.40195561907565
3.1625116045519914,0.03846620498583375,0.012163182241123496,0.0014796489260113788,6.325023209103983
3.162277668821308,0.00023393573068331008,7.397697330307687e-05,5.472592690125566e-08,6.324555337642616
3.1622776601683795,8.65292859586475e-09,2.736296279373524e-09,1.7763568394002505e-15,6.324555320336759
