x,absolute_error,relative_error,function,derivative
1.6666666666666667,1.6666666666666667,1.0,3.6296296296296306,8.333333333333334
1.231111111111111,0.4355555555555557,0.3537906137184117,0.8659145569272975,4.546903703703704
1.0406706238357895,0.1904404872753216,0.18299785053351497,0.1270414437013203,3.2489860419443133
1.0015687495706436,0.039101874265145886,0.039040629294702166,0.004713635498230673,3.0094198803495074
1.000002455837752,0.0015662937328915216,0.0015662898863376881,7.367531349666834e-06,3.000014735044606
1.0000000000060312,2.45583172087116e-06,2.4558317208563483e-06,1.80935266769211e-11,3.000000000036187
1.0,6.0311755589737e-12,6.0311755589737e-12,0.0,3.0
