x,error,function,derivative
-1.0,1.0,1.0,-7.0
-0.8571428571428572,0.1428571428571428,0.25371231374682335,-3.775986196227763
-0.7899518504595479,0.06719100668330935,0.03295042421366601,-2.8456712794286565
-0.7783727111359497,0.011579139323598109,0.0007680137503940365,-2.7143096059204037
-0.7780897611921708,0.0002829499437789762,4.4060599257988997e-07,-2.7111959864924753
-0.7780895986786547,1.6251351608875808e-07,1.4521717162097048e-13,-2.7111941994726854
-0.7780895986786012,5.3512749786932545e-14,2.220446049250313e-16,-2.711194199472097
