X axes,Y axes,X-1 axes,Y-1 axes,absolute error of X axes,absolute error Y axes
1.0613762690891921,2.275142385304786,0.0,0.0,1.0613762690891921,2.275142385304786
0.9741326823172608,1.8807329426052655,1.0613762690891921,2.275142385304786,0.08724358677193134,0.3944094426995206
1.0015226768923335,2.0071976858889493,0.9741326823172608,1.8807329426052655,0.02738999457507274,0.12646474328368384
0.9999996919800882,1.9999985083012692,1.0015226768923335,2.0071976858889493,0.0015229849122453398,0.007199177587680072
1.0,2.0,0.9999996919800882,1.9999985083012692,3.0801991179885135e-07,1.4916987307600493e-06
1.0,2.0,1.0,2.0,0.0,0.0
