X axes,Y axes,X-1 axes,Y-1 axes,absolute error of X axes,absolute error Y axes
1.0613762690891926,2.275142385304786,0.0,0.0,1.0613762690891926,2.275142385304786
0.974132682317389,1.8807329426052486,1.0613762690891926,2.275142385304786,0.08724358677180355,0.3944094426995375
1.0015226768922916,2.007197685888954,0.974132682317389,1.8807329426052486,0.027389994574902543,0.1264647432837056
0.9999996919800903,1.999998508301269,1.0015226768922916,2.007197685888954,0.001522984912201264,0.007199177587685179
1.0,2.0,0.9999996919800903,1.999998508301269,3.080199096894276e-07,1.491698730982094e-06
1.0,2.0,1.0,2.0,0.0,0.0
