x=0.05,absolute_error,function,derivative
6.6916666666666655,6.6916666666666655,132.3352083333333,40.14999999999999
3.3956465338314645,3.296020132835201,32.59124614816491,20.37387920298879
1.7959881760169216,1.599658357814543,7.676720585177767,10.77592905610153
1.0835929342506383,0.7123952417662833,1.522520941473724,6.50155760550383
0.8494150596771901,0.23417787457344819,0.16451783081921345,5.096490358063141
0.8171344470868159,0.03228061259037418,0.003126113847629064,4.902806682520896
0.8164968298911851,0.0006376171956308241,1.2196670646780206e-06,4.898980979347111
0.816496580927764,2.489634211011449e-07,1.8607337892717624e-13,4.898979485566584
0.816496580927726,3.7969627442180354e-14,0.0,4.898979485566356
