X axes,Y axes,W axes,Z axes,X-1 axes,Y-1 axes,W-1 axes,Z-1 axes,Matrix Norm
0.47437668677834566,0.43288886029324525,0.013092299931368068,-0.2787962474046566,1.0,2.0,3.0,4.0,8.800845905592384
0.8899125749128708,1.4124472397003753,1.7486676924005118,1.8650198837632375,0.47437668677834566,0.43288886029324525,0.013092299931368068,-0.2787962474046566,4.7168932963693795
0.718152922136237,1.0357623015135273,1.1547490379292047,1.182022802558366,0.8899125749128708,1.4124472397003753,1.7486676924005118,1.8650198837632375,1.825360326639661
0.7123182123117532,1.0272840897970326,1.1483135788418466,1.1770852889099601,0.718152922136237,1.0357623015135273,1.1547490379292047,1.182022802558366,0.025685894276742616
0.7123108904373893,1.0272736744660822,1.148303631641406,1.1770756606528392,0.7123182123117532,1.0272840897970326,1.1483135788418466,1.1770852889099601,3.731266287498869e-05
0.7123108904252704,1.027273674448337,1.148303631622857,1.1770756606342447,0.7123108904373893,1.0272736744660822,1.148303631641406,1.1770756606528392,6.700773269585625e-11
