X axes,Y axes,W axes,Z axes,X-1 axes,Y-1 axes,W-1 axes,Z-1 axes,Matrix Norm
0.7203879844098984,1.0335924242245933,1.1547836431991183,1.1837121809051678,1.0,1.0,1.0,1.0,0.09247623273877803
0.7123207365369684,1.0272838757723732,1.1483136302980848,1.1770855961326878,0.7203879844098984,1.0335924242245933,1.1547836431991183,1.1837121809051678,0.027472393998663414
0.7123108904423546,1.027273674469107,1.1483036316438884,1.177075660655242,0.7123207365369684,1.0272838757723732,1.1483136302980848,1.1770855961326878,3.99815295226702e-05
0.7123108904252704,1.0272736744483368,1.148303631622857,1.1770756606342447,0.7123108904423546,1.027273674469107,1.1483036316438884,1.177075660655242,7.988276706782926e-11
