x,absolute_error,relative_error,function(a),function(b)
0.810399578872862,0.810399578872862,1.0,0.7525825618903728,-0.45969769413186023
0.8586640585120002,0.04826447963913827,0.05620880385138858,-0.45969769413186023,0.15698108892188467
0.8658538071318002,0.007189748619799929,0.00830365191049568,0.15698108892188467,0.02035290369817555
0.8654715115979841,0.0003822955338160794,0.0004417193734201821,0.02035290369817555,-0.001142986089763931
0.8654740321722509,2.520574266862141e-06,2.9123626742858577e-06,-0.001142986089763931,7.586022334526987e-06
0.8654740331016167,9.293658065345767e-10,1.073822865839186e-09,7.586022334526987e-06,2.796025966311788e-09
